injection_type,n,recall
HALO_LIKE,429,0.3333333333333333
MIXED_RESPONSE_HALO,429,0.4522144522144522
NUISANCE_GRADIENT,429,0.710955710955711
PATHOLOGY_OUTLIER,429,0.9557109557109557
RAR_LIKE,429,0.38461538461538464
RESPONSE_FAMILY_LIKE,429,0.5617715617715617
