noise_level,n,recovery_rate
HIGH,858,0.40326340326340326
LOW,858,0.7762237762237763
MEDIUM,858,0.5198135198135199
