injection_type,n,reported_recall,rss_margin_positive_fraction,corr_margin_positive_fraction,median_rss_correct_margin,median_corr_true_minus_best_wrong,median_rss_best_second_margin,median_corr_best_second_margin
HALO_LIKE,429,0.3333333333333333,0.3333333333333333,0.3333333333333333,-0.0014119987466598982,-0.0007348704725186339,0.0019995239439756004,0.0010413377441585991
RAR_LIKE,429,0.38461538461538464,0.38461538461538464,0.38461538461538464,-0.0008966835059650013,-0.0004860897419854959,0.001686825758624097,0.0009057677714346957
MIXED_RESPONSE_HALO,429,0.4522144522144522,0.4522144522144522,0.4522144522144522,-0.0009871822492052984,-0.0005311854975202923,0.0030550684006989993,0.0016735796365036082
RESPONSE_FAMILY_LIKE,429,0.5617715617715617,0.5617715617715617,0.5617715617715617,0.0014370717910280988,0.000736934341592943,0.004043278480814788,0.002212727456919028
NUISANCE_GRADIENT,429,0.710955710955711,0.710955710955711,0.710955710955711,0.013808437053566894,0.0074580983412237956,0.013808437053566894,0.0074580983412237956
PATHOLOGY_OUTLIER,429,0.9557109557109557,0.9557109557109557,0.9557109557109557,0.6068164420963988,0.4965938774291516,0.6068164420963988,0.4965938774291516
